0,469,2.146337662
0.08,523,2.166857143
0.16,528,2.072467532
0.24,505,2.04374026
0.32,498,2.232519481
0.4,544,2.273558442
0.48,554,2.199688312
0.56,536,2.150441558
0.64,524,2.068363636
0.72,504,2.269454545
0.8,553,2.277662338
0.88,555,2.162753247
0.96,527,2.175064935
1.04,530,2.166857143
1.12,528,2.068363636
1.2,504,2.191480519
1.28,534,2.240727273
1.36,546,2.281766234
1.44,556,2.429506494
1.52,592,2.30638961
1.6,562,2.175064935
1.68,530,2.314597403
1.76,564,2.13812987
1.84,521,2.039636364
1.92,497,2.212
2,539,2.13812987
2.08,521,2.314597403
2.16,564,2.253038961
2.24,549,2.343324675
2.32,571,2.404883117
2.4,586,2.092987013
2.48,510,2.326909091
2.56,567,2.253038961
2.64,549,2.30638961
2.72,562,2.150441558
2.8,524,2.101194805
2.88,512,2.273558442
2.96,554,2.220207792
3.04,541,2.179168831
3.12,531,2.179168831
3.2,531,2.277662338
3.28,555,2.220207792
3.36,541,2.277662338
3.44,555,2.30638961
3.52,562,2.175064935
3.6,530,2.257142857
3.68,550,2.302285714
3.76,561,2.170961039
3.84,529,2.101194805
3.92,512,2.314597403
4,564,2.129922078
4.08,519,2.212
4.16,539,2.236623377
4.24,545,2.224311688
4.32,542,2.195584416
4.4,535,2.203792208
4.48,537,2.236623377
4.56,545,2.240727273
4.64,546,2.175064935
4.72,530,2.228415584
4.8,543,2.244831169
4.88,547,2.220207792
4.96,541,2.088883117
5.04,509,2.224311688
5.12,542,2.462337662
5.2,600,2.244831169
5.28,547,2.154545455
5.36,525,2.310493506
5.44,563,2.232519481
5.52,544,2.248935065
5.6,548,2.121714286
5.68,517,2.11761039
5.76,516,2.154545455
5.84,525,2.355636364
5.92,574,2.166857143
6,528,2.142233766
6.08,522,2.269454545
6.16,553,1.96987013
6.24,480,2.363844156
6.32,576,2.113506494
6.4,515,2.248935065
6.48,548,2.363844156
6.56,576,2.04374026
6.64,498,2.134025974
6.72,520,2.203792208
6.8,537,2.105298701
6.88,513,2.261246753
6.96,551,2.080675325
7.04,507,2.179168831
7.12,531,2.417194805
7.2,589,2.13812987
7.28,521,2.248935065
7.36,548,2.203792208
7.44,537,2.347428571
7.52,572,2.113506494
7.6,515,2.105298701
7.68,513,2.125818182
7.76,518,2.142233766
7.84,522,2.150441558
7.92,524,2.015012987
8,491,2.199688312
8.08,536,2.187376623
8.16,533,2.203792208
8.24,537,2.010909091
8.32,490,2.088883117
8.4,509,2.010909091
8.48,490,2.134025974
8.56,520,2.277662338
8.64,555,2.080675325
8.72,507,2.11761039
8.8,516,2.13812987
8.88,521,2.150441558
8.96,524,2.125818182
9.04,518,2.097090909
9.12,511,2.035532468
9.2,496,2.203792208
9.28,537,2.088883117
9.36,509,2.187376623
9.44,533,2.051948052
9.52,500,1.994493506
9.6,486,2.134025974
9.68,520,2.006805195
9.76,489,2.072467532
9.84,505,2.072467532
9.92,505,2.142233766
10,522,2.023220779
10.08,493,2.101194805
10.16,512,1.863168831
10.24,454,1.867272727
10.32,455,1.965766234
10.4,479,2.072467532
10.48,505,1.978077922
10.56,482,2.068363636
10.64,504,2.105298701
10.72,513,1.846753247
10.8,450,2.06425974
10.88,503,1.928831169
10.96,470,1.883688312
11.04,459,1.982181818
11.12,483,2.162753247
11.2,527,2.101194805
11.28,512,2.06425974
11.36,503,1.994493506
11.44,486,2.002701299
11.52,488,2.084779221
11.6,508,1.96987013
11.68,480,1.99038961
11.76,485,1.912415584
11.84,466,1.912415584
11.92,466,1.871376623
12,456,1.928831169
12.08,470,1.887792208
12.16,460,1.912415584
12.24,466,1.912415584
12.32,466,1.912415584
12.4,466,1.842649351
12.48,449,1.924727273
12.56,469,2.039636364
12.64,497,1.920623377
12.72,468,1.932935065
12.8,471,1.937038961
12.88,472,1.912415584
12.96,466,1.842649351
13.04,449,1.937038961
13.12,472,1.961662338
13.2,478,2.06425974
13.28,503,1.846753247
13.36,450,1.875480519
13.44,457,1.908311688
13.52,465,1.908311688
13.6,465,2.105298701
13.68,513,1.937038961
13.76,472,1.871376623
13.84,456,1.80161039
13.92,439,1.879584416
14,458,1.867272727
14.08,455,1.96987013
14.16,480,2.088883117
14.24,509,2.056051948
14.32,501,2.023220779
14.4,493,1.949350649
14.48,475,2.056051948
14.56,501,1.941142857
14.64,473,2.088883117
14.72,509,2.04374026
14.8,498,2.010909091
14.88,490,2.088883117
14.96,509,1.994493506
15.04,486,2.039636364
15.12,497,2.134025974
15.2,520,2.322805195
15.28,566,2.212
15.36,539,2.076571429
15.44,506,2.056051948
15.52,501,2.191480519
15.6,534,1.949350649
15.68,475,2.113506494
15.76,515,2.039636364
15.84,497,2.019116883
15.92,492,2.13812987
16,521,2.11761039
16.08,516,2.199688312
16.16,536,2.113506494
16.24,515,2.076571429
16.32,506,2.080675325
16.4,507,2.088883117
16.48,509,2.257142857
16.56,550,2.355636364
16.64,574,1.998597403
16.72,487,2.097090909
16.8,511,2.236623377
16.88,545,2.199688312
16.96,536,2.150441558
17.04,524,2.13812987
17.12,521,2.191480519
17.2,534,2.240727273
17.28,546,2.248935065
17.36,548,2.04374026
17.44,498,2.170961039
17.52,529,2.109402597
17.6,514,2.232519481
17.68,544,2.28587013
17.76,557,2.244831169
17.84,547,2.35974026
17.92,575,2.265350649
18,552,2.224311688
18.08,542,2.228415584
18.16,543,2.261246753
18.24,551,2.281766234
18.32,556,2.019116883
18.4,492,2.142233766
18.48,522,2.273558442
18.56,554,2.191480519
18.64,534,2.002701299
18.72,488,2.244831169
18.8,547,2.195584416
18.88,535,2.199688312
18.96,536,2.326909091
19.04,567,2.092987013
19.12,510,2.068363636
19.2,504,2.28587013
19.28,557,2.195584416
19.36,535,2.216103896
19.44,540,2.228415584
19.52,543,2.134025974
19.6,520,2.166857143
19.68,528,2.314597403
19.76,564,2.146337662
19.84,523,2.142233766
19.92,522,2.203792208
20,537,2.232519481
20.08,544,2.088883117
20.16,509,2.253038961
20.24,549,2.195584416
20.32,535,2.212
20.4,539,2.080675325
20.48,507,2.13812987
20.56,521,2.28587013
20.64,557,2.248935065
20.72,548,2.183272727
20.8,532,2.088883117
20.88,509,2.150441558
20.96,524,2.191480519
21.04,534,2.28587013
21.12,557,2.269454545
21.2,553,2.146337662
21.28,523,2.269454545
21.36,553,2.175064935
21.44,530,2.146337662
21.52,523,2.212
21.6,539,2.154545455
21.68,525,2.28587013
21.76,557,2.13812987
21.84,521,2.326909091
21.92,567,2.277662338
22,555,2.216103896
22.08,540,2.101194805
22.16,512,2.232519481
22.24,544,2.187376623
22.32,533,2.109402597
22.4,514,2.253038961
22.48,549,2.150441558
22.56,524,2.084779221
22.64,508,2.031428571
22.72,495,2.244831169
22.8,547,2.183272727
22.88,532,2.002701299
22.96,488,2.281766234
23.04,556,2.134025974
23.12,520,2.372051948
23.2,578,2.092987013
23.28,510,2.129922078
23.36,519,2.039636364
23.44,497,2.105298701
23.52,513,2.257142857
23.6,550,2.212
23.68,539,2.191480519
23.76,534,2.068363636
23.84,504,2.191480519
23.92,534,2.11761039
24,516,2.269454545
24.08,553,2.056051948
24.16,501,2.191480519
24.24,534,2.154545455
24.32,525,2.060155844
24.4,502,2.289974026
24.48,558,2.150441558
24.56,524,2.092987013
24.64,510,2.072467532
24.72,505,2.154545455
24.8,525,2.257142857
24.88,550,2.113506494
24.96,515,1.834441558
25.04,447,2.183272727
25.12,532,2.076571429
25.2,506,2.047844156
25.28,499,2.019116883
25.36,492,2.031428571
25.44,495,2.060155844
25.52,502,1.842649351
25.6,449,1.891896104
25.68,461,2.006805195
25.76,489,1.920623377
25.84,468,1.978077922
25.92,482,1.949350649
26,475,1.859064935
26.08,453,1.994493506
26.16,486,1.850857143
26.24,451,1.912415584
26.32,466,1.834441558
26.4,447,1.809818182
26.48,441,1.846753247
26.56,450,1.785194805
26.64,435,1.957558442
26.72,477,1.830337662
26.8,446,1.924727273
26.88,469,1.920623377
26.96,468,1.916519481
27.04,467,1.986285714
27.12,484,1.932935065
27.2,471,1.850857143
27.28,451,1.961662338
27.36,478,1.883688312
27.44,459,2.068363636
27.52,504,1.941142857
27.6,473,2.076571429
27.68,506,2.084779221
27.76,508,2.023220779
27.84,493,2.228415584
27.92,543,2.092987013
28,510,2.088883117
28.08,509,2.084779221
28.16,508,2.13812987
28.24,521,2.216103896
28.32,540,2.072467532
28.4,505,2.347428571
28.48,572,1.912415584
28.56,466,2.273558442
28.64,554,2.080675325
28.72,507,2.146337662
28.8,523,2.228415584
28.88,543,2.035532468
28.96,496,1.965766234
29.04,479,2.150441558
29.12,524,2.13812987
29.2,521,2.314597403
29.28,564,2.019116883
29.36,492,2.289974026
29.44,558,2.142233766
29.52,522,2.11761039
29.6,516,2.113506494
29.68,515,2.162753247
29.76,527,2.232519481
29.84,544,2.195584416
29.92,535,2.170961039
30,529,2.261246753
30.08,551,2.142233766
30.16,522,2.154545455
30.24,525,2.212
30.32,539,2.162753247
30.4,527,2.146337662
30.48,523,2.129922078
30.56,519,1.986285714
30.64,484,2.158649351
30.72,526,2.051948052
30.8,500,1.982181818
30.88,483,2.146337662
30.96,523,2.277662338
31.04,555,2.060155844
31.12,502,2.28587013
31.2,557,2.277662338
31.28,555,2.244831169
31.36,547,2.216103896
31.44,540,2.121714286
31.52,517,2.162753247
31.6,527,2.158649351
31.68,526,2.228415584
31.76,543,2.335116883
31.84,569,2.203792208
31.92,537,2.232519481
32,544,1.908311688
32.08,465,2.170961039
32.16,529,2.273558442
32.24,554,2.191480519
32.32,534,2.331012987
32.4,568,2.146337662
32.48,523,2.372051948
32.56,578,2.031428571
32.64,495,2.04374026
32.72,498,2.220207792
32.8,541,2.203792208
32.88,537,2.11761039
32.96,516,2.351532468
33.04,573,2.343324675
33.12,571,2.006805195
33.2,489,2.318701299
33.28,565,2.134025974
33.36,520,2.298181818
33.44,560,2.068363636
33.52,504,2.162753247
33.6,527,2.166857143
33.68,528,2.220207792
33.76,541,2.097090909
33.84,511,2.228415584
33.92,543,2.150441558
34,524,2.203792208
34.08,537,2.195584416
34.16,535,2.367948052
34.24,577,2.248935065
34.32,548,2.248935065
34.4,548,2.310493506
34.48,563,2.060155844
34.56,502,1.965766234
34.64,479,2.339220779
34.72,570,2.097090909
34.8,511,2.400779221
34.88,585,2.257142857
34.96,550,2.101194805
35.04,512,2.224311688
35.12,542,2.191480519
35.2,534,2.400779221
35.28,585,2.11761039
35.36,516,2.294077922
35.44,559,2.170961039
35.52,529,2.162753247
35.6,527,2.134025974
35.68,520,2.158649351
35.76,526,2.039636364
35.84,497,2.248935065
35.92,548,2.179168831
36,531,2.06425974
36.08,503,2.175064935
36.16,530,2.187376623
36.24,533,2.212
36.32,539,2.068363636
36.4,504,2.232519481
36.48,544,2.101194805
36.56,512,2.092987013
36.64,510,2.13812987
36.72,521,2.166857143
36.8,528,1.982181818
36.88,483,2.158649351
36.96,526,1.932935065
37.04,471,2.187376623
37.12,533,1.99038961
37.2,485,2.175064935
37.28,530,2.289974026
37.36,558,2.129922078
37.44,519,2.195584416
37.52,535,2.183272727
37.6,532,2.027324675
37.68,494,2.092987013
37.76,510,2.051948052
37.84,500,2.162753247
37.92,527,1.994493506
38,486,2.154545455
38.08,525,1.949350649
38.16,475,1.96987013
38.24,480,2.04374026
38.32,498,2.031428571
38.4,495,1.834441558
38.48,447,1.924727273
38.56,469,1.916519481
38.64,467,2.105298701
38.72,513,1.953454545
38.8,476,1.973974026
38.88,481,2.010909091
38.96,490,2.060155844
39.04,502,1.896
39.12,462,1.920623377
39.2,468,2.125818182
39.28,518,2.031428571
39.36,495,1.764675325
39.44,430,1.863168831
39.52,454,1.941142857
39.6,473,1.994493506
39.68,486,1.978077922
39.76,482,1.932935065
39.84,471,2.13812987
39.92,521,2.142233766
40,522,1.842649351
40.08,449,1.859064935
40.16,453,2.027324675
40.24,494,2.060155844
40.32,502,1.912415584
40.4,466,2.031428571
40.48,495,1.973974026
40.56,481,2.092987013
40.64,510,2.092987013
40.72,510,2.068363636
40.8,504,2.076571429
40.88,506,1.99038961
40.96,485,2.183272727
41.04,532,2.006805195
41.12,489,2.121714286
41.2,517,1.854961039
41.28,452,2.121714286
41.36,517,2.314597403
41.44,564,2.047844156
41.52,499,2.072467532
41.6,505,2.273558442
41.68,554,2.129922078
41.76,519,2.212
41.84,539,2.195584416
41.92,535,2.179168831
42,531,2.154545455
42.08,525,2.253038961
42.16,549,2.191480519
42.24,534,2.068363636
42.32,504,2.150441558
42.4,524,2.134025974
42.48,520,2.331012987
42.56,568,2.203792208
42.64,537,2.092987013
42.72,510,2.203792208
42.8,537,2.072467532
42.88,505,2.179168831
42.96,531,2.28587013
43.04,557,2.162753247
43.12,527,2.129922078
43.2,519,2.212
43.28,539,2.068363636
43.36,504,2.269454545
43.44,553,2.203792208
43.52,537,2.191480519
43.6,534,2.142233766
43.68,522,2.257142857
43.76,550,2.187376623
43.84,533,2.232519481
43.92,544,2.318701299
44,565,2.195584416
44.08,535,2.289974026
44.16,558,2.06425974
44.24,503,2.162753247
44.32,527,2.166857143
44.4,528,2.06425974
44.48,503,2.298181818
44.56,560,2.273558442
44.64,554,2.121714286
44.72,517,2.289974026
44.8,558,2.220207792
44.88,541,2.170961039
44.96,529,2.010909091
45.04,490,2.125818182
45.12,518,2.294077922
45.2,559,2.261246753
45.28,551,1.949350649
45.36,475,2.162753247
45.44,527,2.092987013
45.52,510,2.134025974
45.6,520,2.092987013
45.68,510,2.179168831
45.76,531,2.129922078
45.84,519,2.154545455
45.92,525,2.125818182
46,518,2.113506494
46.08,515,2.154545455
46.16,525,2.13812987
46.24,521,1.96987013
46.32,480,2.187376623
46.4,533,2.236623377
46.48,545,2.347428571
46.56,572,2.232519481
46.64,544,2.097090909
46.72,511,2.166857143
46.8,528,2.265350649
46.88,552,2.347428571
46.96,572,2.253038961
47.04,549,2.212
47.12,539,2.150441558
47.2,524,2.179168831
47.28,531,2.092987013
47.36,510,2.154545455
47.44,525,2.142233766
47.52,522,2.146337662
47.6,523,2.253038961
47.68,549,2.183272727
47.76,532,2.06425974
47.84,503,2.109402597
47.92,514,2.031428571
48,495,2.088883117
48.08,509,2.199688312
48.16,536,2.113506494
48.24,515,2.269454545
48.32,553,2.039636364
48.4,497,2.092987013
48.48,510,2.056051948
48.56,501,2.080675325
48.64,507,1.99038961
48.72,485,2.092987013
48.8,510,1.96987013
48.88,480,2.092987013
48.96,510,2.113506494
49.04,515,1.994493506
49.12,486,1.986285714
49.2,484,2.121714286
49.28,517,2.051948052
49.36,500,2.142233766
49.44,522,2.113506494
49.52,515,2.006805195
49.6,489,2.056051948
49.68,501,1.883688312
49.76,459,2.11761039
49.84,516,2.06425974
49.92,503,2.006805195
50,489,2.084779221
50.08,508,1.961662338
50.16,478,2.105298701
50.24,513,2.13812987
50.32,521,2.097090909
50.4,511,1.908311688
50.48,465,2.13812987
50.56,521,2.084779221
50.64,508,1.965766234
50.72,479,2.101194805
50.8,512,2.010909091
50.88,490,1.945246753
50.96,474,2.060155844
51.04,502,2.04374026
51.12,498,2.109402597
51.2,514,1.986285714
51.28,484,1.941142857
51.36,473,1.932935065
51.44,471,2.109402597
51.52,514,2.047844156
51.6,499,2.228415584
51.68,543,1.982181818
51.76,483,2.035532468
51.84,496,1.793402597
51.92,437,2.146337662
52,523,2.166857143
52.08,528,2.236623377
52.16,545,2.047844156
52.24,499,2.343324675
52.32,571,2.023220779
52.4,493,2.015012987
52.48,491,2.088883117
52.56,509,2.195584416
52.64,535,2.150441558
52.72,524,2.076571429
52.8,506,2.13812987
52.88,521,2.240727273
52.96,546,2.273558442
53.04,554,2.023220779
53.12,493,2.088883117
53.2,509,2.191480519
53.28,534,2.11761039
53.36,516,1.96987013
53.44,480,2.216103896
53.52,540,2.195584416
53.6,535,2.101194805
53.68,512,2.195584416
53.76,535,2.261246753
53.84,551,2.289974026
53.92,558,2.199688312
54,536,2.199688312
54.08,536,2.240727273
54.16,546,2.244831169
54.24,547,2.092987013
54.32,510,2.125818182
54.4,518,2.072467532
54.48,505,2.154545455
54.56,525,2.084779221
54.64,508,2.105298701
54.72,513,2.166857143
54.8,528,2.244831169
54.88,547,2.294077922
54.96,559,2.113506494
55.04,515,2.019116883
55.12,492,2.113506494
55.2,515,2.191480519
55.28,534,2.088883117
55.36,509,2.11761039
55.44,516,2.080675325
55.52,507,2.343324675
55.6,571,2.187376623
55.68,533,2.11761039
55.76,516,2.35974026
55.84,575,2.331012987
55.92,568,2.101194805
56,512,2.191480519
56.08,534,2.134025974
56.16,520,2.224311688
56.24,542,2.04374026
56.32,498,1.986285714
56.4,484,2.318701299
56.48,565,1.986285714
56.56,484,2.195584416
56.64,535,2.121714286
56.72,517,2.027324675
56.8,494,2.216103896
56.88,540,2.322805195
56.96,566,2.158649351
57.04,526,2.084779221
57.12,508,2.11761039
57.2,516,2.11761039
57.28,516,2.212
57.36,539,2.146337662
57.44,523,2.13812987
57.52,521,2.228415584
57.6,543,2.146337662
57.68,523,2.269454545
57.76,553,2.195584416
57.84,535,2.010909091
57.92,490,2.236623377
58,545,2.175064935
58.08,530,2.162753247
58.16,527,2.076571429
58.24,506,2.236623377
58.32,545,2.092987013
58.4,510,2.047844156
58.48,499,2.101194805
58.56,512,2.30638961
58.64,562,2.183272727
58.72,532,2.097090909
58.8,511,2.166857143
58.88,528,2.002701299
58.96,488,2.339220779
59.04,570,2.203792208
59.12,537,2.183272727
59.2,532,2.076571429
59.28,506,1.994493506
59.36,486,2.191480519
59.44,534,2.314597403
59.52,564,2.261246753
59.6,551,2.220207792
59.68,541,2.158649351
59.76,526,2.092987013
59.84,510,2.207896104
59.92,538,2.109402597
60,514,2.121714286
60.08,517,2.257142857
60.16,550,2.240727273
60.24,546,2.170961039
60.32,529,2.175064935
60.4,530,2.195584416
60.48,535,2.261246753
60.56,551,2.277662338
60.64,555,2.232519481
60.72,544,2.068363636
60.8,504,1.928831169
60.88,470,2.084779221
60.96,508,2.015012987
61.04,491,1.978077922
61.12,482,1.953454545
61.2,476,2.13812987
61.28,521,2.166857143
61.36,528,2.216103896
61.44,540,2.166857143
61.52,528,1.957558442
61.6,477,1.986285714
61.68,484,1.863168831
61.76,454,1.982181818
61.84,483,2.183272727
61.92,532,2.015012987
62,491,2.006805195
62.08,489,2.047844156
62.16,499,2.109402597
62.24,514,1.916519481
62.32,467,1.961662338
62.4,478,1.781090909
62.48,434,1.978077922
62.56,482,1.797506494
62.64,438,1.953454545
62.72,476,2.027324675
62.8,494,1.809818182
62.88,441,1.850857143
62.96,451,1.883688312
63.04,459,1.900103896
63.12,463,2.088883117
63.2,509,2.121714286
63.28,517,1.859064935
63.36,453,1.891896104
63.44,461,1.973974026
63.52,481,1.953454545
63.6,476,2.166857143
63.68,528,2.027324675
63.76,494,1.805714286
63.84,440,1.941142857
63.92,473,2.076571429
64,506,2.146337662
64.08,523,2.092987013
64.16,510,2.072467532
64.24,505,1.998597403
64.32,487,2.158649351
64.4,526,2.187376623
64.48,533,2.162753247
64.56,527,2.11761039
64.64,516,2.031428571
64.72,495,2.121714286
64.8,517,2.142233766
64.88,522,2.166857143
64.96,528,2.084779221
65.04,508,2.170961039
65.12,529,2.220207792
65.2,541,2.162753247
65.28,527,2.191480519
65.36,534,2.035532468
65.44,496,2.092987013
65.52,510,2.240727273
65.6,546,2.084779221
65.68,508,2.236623377
65.76,545,2.051948052
65.84,500,2.146337662
65.92,523,2.253038961
66,549,2.113506494
66.08,515,2.183272727
66.16,532,2.322805195
66.24,566,2.146337662
66.32,523,2.228415584
66.4,543,2.11761039
66.48,516,2.244831169
66.56,547,2.195584416
66.64,535,2.051948052
66.72,500,2.203792208
66.8,537,2.154545455
66.88,525,2.158649351
66.96,526,2.109402597
67.04,514,2.195584416
67.12,535,2.269454545
67.2,553,2.265350649
67.28,552,2.092987013
67.36,510,2.13812987
67.44,521,2.224311688
67.52,542,2.162753247
67.6,527,2.523896104
67.68,615,2.240727273
67.76,546,2.187376623
67.84,533,2.228415584
67.92,543,2.035532468
68,496,2.068363636
68.08,504,2.113506494
68.16,515,2.343324675
68.24,571,2.302285714
68.32,561,2.203792208
68.4,537,2.248935065
68.48,548,2.068363636
68.56,504,2.097090909
68.64,511,2.187376623
68.72,533,2.076571429
68.8,506,2.175064935
68.88,530,2.162753247
68.96,527,2.134025974
69.04,520,2.224311688
69.12,542,2.343324675
69.2,571,1.998597403
69.28,487,2.236623377
69.36,545,2.326909091
69.44,567,2.281766234
69.52,556,2.097090909
69.6,511,2.326909091
69.68,567,2.289974026
69.76,558,2.097090909
69.84,511,2.092987013
69.92,510,2.113506494
70,515,2.142233766
70.08,522,2.150441558
70.16,524,2.002701299
70.24,488,2.232519481
70.32,544,2.294077922
70.4,559,2.261246753
70.48,551,2.146337662
70.56,523,2.179168831
70.64,531,2.023220779
70.72,493,2.060155844
70.8,502,2.35974026
70.88,575,2.240727273
70.96,546,2.170961039
71.04,529,2.244831169
71.12,547,2.322805195
71.2,566,2.035532468
71.28,496,2.195584416
71.36,535,2.277662338
71.44,555,2.101194805
71.52,512,2.236623377
71.6,545,2.228415584
71.68,543,2.142233766
71.76,522,2.212
71.84,539,2.183272727
71.92,532,2.265350649
72,552,2.039636364
72.08,497,2.11761039
72.16,516,2.097090909
72.24,511,2.039636364
72.32,497,2.220207792
72.4,541,2.105298701
72.48,513,2.031428571
72.56,495,2.191480519
72.64,534,2.092987013
72.72,510,2.146337662
72.8,523,2.129922078
72.88,519,2.289974026
72.96,558,2.04374026
73.04,498,2.056051948
73.12,501,1.945246753
73.2,474,2.191480519
73.28,534,2.015012987
73.36,491,2.134025974
73.44,520,2.261246753
73.52,551,2.183272727
73.6,532,2.166857143
73.68,528,2.019116883
73.76,492,2.002701299
73.84,488,2.113506494
73.92,515,2.220207792
74,541,1.994493506
74.08,486,2.121714286
74.16,517,2.023220779
74.24,493,1.949350649
74.32,475,2.105298701
74.4,513,2.080675325
74.48,507,1.986285714
74.56,484,2.027324675
74.64,494,2.039636364
74.72,497,2.101194805
74.8,512,1.887792208
74.88,460,1.896
74.96,462,1.912415584
75.04,466,1.982181818
75.12,483,1.920623377
75.2,468,1.949350649
75.28,475,1.96987013
75.36,480,1.891896104
75.44,461,1.953454545
75.52,476,1.928831169
75.6,470,1.932935065
75.68,471,1.945246753
75.76,474,1.813922078
75.84,442,1.883688312
75.92,459,1.842649351
76,449,1.994493506
76.08,486,1.789298701
76.16,436,1.973974026
76.24,481,1.867272727
76.32,455,1.912415584
76.4,466,1.900103896
76.48,463,1.941142857
76.56,473,1.805714286
76.64,440,1.949350649
76.72,475,1.813922078
76.8,442,2.006805195
76.88,489,1.978077922
76.96,482,1.813922078
77.04,442,2.019116883
77.12,492,1.937038961
77.2,472,1.973974026
77.28,481,1.863168831
77.36,454,1.973974026
77.44,481,1.998597403
77.52,487,2.051948052
77.6,500,2.039636364
77.68,497,1.879584416
77.76,458,1.875480519
77.84,457,2.129922078
77.92,519,1.973974026
78,481,1.994493506
78.08,486,1.941142857
78.16,473,1.99038961
78.24,485,1.854961039
78.32,452,2.125818182
78.4,518,1.945246753
78.48,474,2.158649351
78.56,526,1.986285714
78.64,484,2.010909091
78.72,490,2.121714286
78.8,517,2.080675325
78.88,507,2.121714286
78.96,517,2.166857143
79.04,528,2.113506494
79.12,515,2.175064935
79.2,530,2.277662338
79.28,555,2.027324675
79.36,494,1.883688312
79.44,459,2.047844156
79.52,499,2.080675325
79.6,507,2.068363636
79.68,504,2.015012987
79.76,491,2.170961039
79.84,529,1.99038961
79.92,485,2.084779221
80,508,2.207896104
80.08,538,2.019116883
80.16,492,2.154545455
80.24,525,1.96987013
80.32,480,2.002701299
80.4,488,2.010909091
80.48,490,2.228415584
80.56,543,1.891896104
80.64,461,1.99038961
80.72,485,2.129922078
80.8,519,2.006805195
80.88,489,2.28587013
80.96,557,2.199688312
81.04,536,2.019116883
81.12,492,2.097090909
81.2,511,2.179168831
81.28,531,2.142233766
81.36,522,2.28587013
81.44,557,2.158649351
81.52,526,2.28587013
81.6,557,2.076571429
81.68,506,2.261246753
81.76,551,2.195584416
81.84,535,2.261246753
81.92,551,2.269454545
82,553,2.13812987
82.08,521,2.158649351
82.16,526,2.158649351
82.24,526,2.232519481
82.32,544,2.224311688
82.4,542,2.244831169
82.48,547,2.105298701
82.56,513,2.220207792
82.64,541,2.248935065
82.72,548,2.478753247
82.8,604,2.150441558
82.88,524,2.232519481
82.96,544,2.339220779
83.04,570,2.248935065
83.12,548,2.166857143
83.2,528,2.121714286
83.28,517,2.158649351
83.36,526,2.244831169
83.44,547,2.216103896
83.52,540,2.273558442
83.6,554,2.339220779
83.68,570,2.060155844
83.76,502,2.335116883
83.84,569,2.322805195
83.92,566,2.302285714
84,561,2.187376623
84.08,533,2.179168831
84.16,531,2.347428571
84.24,572,1.986285714
84.32,484,2.175064935
84.4,530,2.220207792
84.48,541,2.236623377
84.56,545,2.228415584
84.64,543,2.372051948
84.72,578,2.228415584
84.8,543,2.150441558
84.88,524,2.105298701
84.96,513,2.170961039
85.04,529,2.158649351
85.12,526,2.372051948
85.2,578,2.289974026
85.28,558,2.269454545
85.36,553,2.257142857
85.44,550,2.150441558
85.52,524,2.101194805
85.6,512,2.183272727
85.68,532,2.13812987
85.76,521,2.187376623
85.84,533,2.162753247
85.92,527,2.183272727
86,532,2.187376623
86.08,533,2.203792208
86.16,537,2.199688312
86.24,536,2.113506494
86.32,515,2.13812987
86.4,521,2.240727273
86.48,546,2.084779221
86.56,508,2.023220779
86.64,493,2.289974026
86.72,558,2.376155844
86.8,579,2.28587013
86.88,557,2.207896104
86.96,538,2.376155844
87.04,579,2.113506494
87.12,515,2.261246753
87.2,551,2.212
87.28,539,2.224311688
87.36,542,2.146337662
87.44,523,2.084779221
87.52,508,2.277662338
87.6,555,2.277662338
87.68,555,2.347428571
87.76,572,2.199688312
87.84,536,2.269454545
87.92,553,2.273558442
88,554,2.101194805
88.08,512,2.273558442
88.16,554,2.302285714
88.24,561,2.195584416
88.32,535,2.179168831
88.4,531,2.023220779
88.48,493,2.129922078
88.56,519,2.035532468
88.64,496,2.203792208
88.72,537,2.191480519
88.8,534,1.982181818
88.88,483,2.228415584
88.96,543,2.322805195
89.04,566,2.257142857
89.12,550,2.28587013
89.2,557,2.257142857
89.28,550,2.261246753
89.36,551,2.30638961
89.44,562,2.113506494
89.52,515,2.478753247
89.6,604,2.166857143
89.68,528,2.335116883
89.76,569,2.101194805
89.84,512,2.281766234
89.92,556,2.257142857
90,550,2.257142857
90.08,550,2.273558442
90.16,554,2.101194805
90.24,512,2.125818182
90.32,518,2.253038961
90.4,549,2.253038961
90.48,549,2.257142857
90.56,550,2.207896104
90.64,538,2.146337662
90.72,523,2.244831169
90.8,547,2.146337662
90.88,523,2.376155844
90.96,579,2.11761039
91.04,516,2.162753247
91.12,527,2.199688312
91.2,536,2.113506494
91.28,515,2.158649351
91.36,526,2.244831169
91.44,547,2.248935065
91.52,548,2.162753247
91.6,527,2.392571429
91.68,583,2.248935065
91.76,548,2.261246753
91.84,551,2.150441558
91.92,524,2.326909091
92,567,2.109402597
92.08,514,2.11761039
92.16,516,2.199688312
92.24,536,2.170961039
92.32,529,2.199688312
92.4,536,2.203792208
92.48,537,2.076571429
92.56,506,2.244831169
92.64,547,2.134025974
92.72,520,2.125818182
92.8,518,2.092987013
92.88,510,2.253038961
92.96,549,2.002701299
93.04,488,2.097090909
93.12,511,2.363844156
93.2,576,2.06425974
93.28,503,2.281766234
93.36,556,2.220207792
93.44,541,2.142233766
93.52,522,2.212
93.6,539,2.06425974
93.68,503,2.162753247
93.76,527,2.220207792
93.84,541,2.121714286
93.92,517,2.179168831
94,531,2.002701299
94.08,488,2.248935065
94.16,548,2.212
94.24,539,2.253038961
94.32,549,2.318701299
94.4,565,2.248935065
94.48,548,2.232519481
94.56,544,2.113506494
94.64,515,2.121714286
94.72,517,2.187376623
94.8,533,2.158649351
94.88,526,2.207896104
94.96,538,2.150441558
95.04,524,1.887792208
95.12,460,2.261246753
95.2,551,2.097090909
95.28,511,2.289974026
95.36,558,2.187376623
95.44,533,2.006805195
95.52,489,1.854961039
95.6,452,1.904207792
95.68,464,2.027324675
95.76,494,2.010909091
95.84,490,2.179168831
95.92,531,1.998597403
96,487,2.072467532
96.08,505,2.019116883
96.16,492,2.146337662
96.24,523,1.850857143
96.32,451,2.039636364
96.4,497,2.002701299
96.48,488,1.941142857
96.56,473,1.973974026
96.64,481,1.986285714
96.72,484,2.056051948
96.8,501,1.928831169
96.88,470,1.805714286
96.96,440,2.068363636
97.04,504,2.056051948
97.12,501,1.973974026
97.2,481,2.023220779
97.28,493,2.072467532
97.36,505,2.06425974
97.44,503,1.953454545
97.52,476,1.916519481
97.6,467,1.891896104
97.68,461,1.965766234
97.76,479,1.900103896
97.84,463,1.96987013
97.92,480,1.961662338
98,478,1.850857143
98.08,451,1.842649351
98.16,449,1.961662338
98.24,478,1.961662338
98.32,478,1.900103896
98.4,463,1.961662338
98.48,478,1.953454545
98.56,476,2.010909091
98.64,490,2.047844156
98.72,499,1.924727273
98.8,469,2.080675325
98.88,507,1.978077922
98.96,482,2.047844156
99.04,499,1.879584416
99.12,458,2.06425974
99.2,503,1.986285714
99.28,484,1.941142857
99.36,473,1.932935065
99.44,471,1.900103896
99.52,463,1.916519481
99.6,467,2.080675325
99.68,507,1.99038961
99.76,485,2.088883117
99.84,509,2.019116883
99.92,492,1.887792208
100,460,1.887792208
100.08,460,2.006805195
100.16,489,2.129922078
100.24,519,1.850857143
100.32,451,2.051948052
100.4,500,1.920623377
100.48,468,2.113506494
100.56,515,2.084779221
100.64,508,2.125818182
100.72,518,2.240727273
100.8,546,2.06425974
100.88,503,2.142233766
100.96,522,2.150441558
101.04,524,2.092987013
101.12,510,2.154545455
101.2,525,2.134025974
101.28,520,2.13812987
101.36,521,2.113506494
101.44,515,2.068363636
101.52,504,1.99038961
101.6,485,2.179168831
101.68,531,2.035532468
101.76,496,1.982181818
101.84,483,2.035532468
101.92,496,2.187376623
102,533,2.031428571
102.08,495,2.113506494
102.16,515,2.179168831
102.24,531,1.945246753
102.32,474,2.158649351
102.4,526,2.072467532
102.48,505,2.187376623
102.56,533,2.027324675
102.64,494,2.265350649
102.72,552,2.170961039
102.8,529,2.199688312
102.88,536,2.257142857
102.96,550,2.035532468
103.04,496,2.199688312
103.12,536,2.056051948
103.2,501,2.273558442
103.28,554,2.035532468
103.36,496,2.101194805
103.44,512,2.11761039
103.52,516,1.96987013
103.6,480,2.351532468
103.68,573,1.96987013
103.76,480,2.150441558
103.84,524,2.179168831
103.92,531,2.146337662
104,523,2.248935065
104.08,548,2.310493506
104.16,563,2.076571429
104.24,506,2.240727273
104.32,546,2.11761039
104.4,516,2.035532468
104.48,496,2.023220779
104.56,493,2.183272727
104.64,532,2.150441558
104.72,524,2.240727273
104.8,546,2.105298701
104.88,513,2.158649351
104.96,526,2.269454545
105.04,553,2.261246753
105.12,551,2.224311688
105.2,542,2.261246753
105.28,551,2.154545455
105.36,525,2.150441558
105.44,524,2.060155844
105.52,502,2.146337662
105.6,523,1.941142857
105.68,473,2.216103896
105.76,540,2.367948052
105.84,577,2.257142857
105.92,550,2.30638961
106,562,2.236623377
106.08,545,2.355636364
106.16,574,2.166857143
106.24,528,2.092987013
106.32,510,2.06425974
106.4,503,2.015012987
106.48,491,2.150441558
106.56,524,2.191480519
106.64,534,2.228415584
106.72,543,2.203792208
106.8,537,2.002701299
106.88,488,2.13812987
106.96,521,2.191480519
107.04,534,2.129922078
107.12,519,2.154545455
107.2,525,2.056051948
107.28,501,2.031428571
107.36,495,2.232519481
107.44,544,1.978077922
107.52,482,2.015012987
107.6,491,2.154545455
107.68,525,2.261246753
107.76,551,2.199688312
107.84,536,2.088883117
107.92,509,2.097090909
108,511,2.154545455
108.08,525,2.080675325
108.16,507,2.031428571
108.24,495,2.113506494
108.32,515,2.084779221
108.4,508,2.113506494
108.48,515,2.134025974
108.56,520,2.203792208
108.64,537,1.986285714
108.72,484,1.904207792
108.8,464,2.11761039
108.88,516,2.060155844
108.96,502,2.015012987
109.04,491,2.158649351
109.12,526,2.191480519
109.2,534,2.015012987
109.28,491,2.236623377
109.36,545,2.051948052
109.44,500,2.080675325
109.52,507,1.945246753
109.6,474,2.13812987
109.68,521,1.978077922
109.76,482,2.047844156
109.84,499,2.113506494
109.92,515,2.080675325
110,507,2.13812987
110.08,521,2.019116883
110.16,492,2.06425974
110.24,503,2.166857143
110.32,528,2.097090909
110.4,511,1.998597403
110.48,487,2.150441558
110.56,524,1.994493506
110.64,486,1.830337662
110.72,446,2.006805195
110.8,489,2.068363636
110.88,504,1.920623377
110.96,468,2.11761039
111.04,516,1.928831169
111.12,470,2.072467532
111.2,505,2.039636364
111.28,497,1.813922078
111.36,442,1.896
111.44,462,1.789298701
111.52,436,1.932935065
111.6,471,2.142233766
111.68,522,1.789298701
111.76,436,1.973974026
111.84,481,1.953454545
111.92,476,1.863168831
112,454,2.076571429
112.08,506,2.002701299
112.16,488,1.776987013
112.24,433,2.002701299
112.32,488,1.805714286
112.4,440,1.896
112.48,462,1.941142857
112.56,473,1.797506494
112.64,438,1.891896104
112.72,461,1.875480519
112.8,457,1.908311688
112.88,465,1.82212987
112.96,444,1.854961039
113.04,452,1.879584416
113.12,458,2.035532468
113.2,496,1.74825974
113.28,426,1.846753247
113.36,450,1.871376623
113.44,456,1.809818182
113.52,441,1.908311688
113.6,465,2.056051948
113.68,501,2.11761039
113.76,516,2.002701299
113.84,488,1.879584416
113.92,458,2.060155844
114,502,1.99038961
114.08,485,2.339220779
114.16,570,2.002701299
114.24,488,1.986285714
114.32,484,2.150441558
114.4,524,1.920623377
114.48,468,2.047844156
114.56,499,1.965766234
114.64,479,2.023220779
114.72,493,2.105298701
114.8,513,2.109402597
114.88,514,2.166857143
114.96,528,2.269454545
115.04,553,2.236623377
115.12,545,2.006805195
115.2,489,2.101194805
115.28,512,2.101194805
115.36,512,1.978077922
115.44,482,2.236623377
115.52,545,2.002701299
115.6,488,2.179168831
115.68,531,2.294077922
115.76,559,2.236623377
115.84,545,2.166857143
115.92,528,2.068363636
116,504,2.216103896
116.08,540,2.051948052
116.16,500,2.175064935
116.24,530,2.244831169
116.32,547,2.166857143
116.4,528,2.051948052
116.48,500,2.187376623
116.56,533,1.945246753
116.64,474,2.134025974
116.72,520,2.199688312
116.8,536,2.277662338
116.88,555,2.068363636
116.96,504,2.289974026
117.04,558,2.11761039
117.12,516,2.134025974
117.2,520,2.162753247
117.28,527,2.28587013
117.36,557,2.207896104
117.44,538,2.006805195
117.52,489,2.187376623
117.6,533,2.187376623
117.68,533,2.060155844
117.76,502,2.101194805
117.84,512,2.195584416
117.92,535,2.187376623
118,533,1.998597403
118.08,487,2.179168831
118.16,531,2.109402597
118.24,514,2.35974026
118.32,575,2.121714286
118.4,517,2.056051948
118.48,501,2.261246753
118.56,551,2.224311688
118.64,542,2.265350649
118.72,552,2.191480519
118.8,534,2.244831169
118.88,547,2.101194805
118.96,512,2.076571429
119.04,506,2.236623377
119.12,545,2.298181818
119.2,560,2.265350649
119.28,552,2.191480519
119.36,534,2.134025974
119.44,520,2.240727273
119.52,546,2.121714286
119.6,517,2.355636364
119.68,574,2.084779221
119.76,508,2.092987013
119.84,510,2.384363636
119.92,581,2.113506494
120,515,1.932935065
120.08,471,2.310493506
120.16,563,2.129922078
120.24,519,2.183272727
120.32,532,2.212
120.4,539,2.084779221
120.48,508,2.146337662
120.56,523,2.11761039
120.64,516,2.425402597
120.72,591,2.109402597
120.8,514,2.072467532
120.88,505,2.203792208
120.96,537,2.220207792
121.04,541,2.343324675
121.12,571,2.072467532
121.2,505,2.105298701
121.28,513,2.088883117
121.36,509,2.187376623
121.44,533,2.158649351
121.52,526,2.129922078
121.6,519,2.236623377
121.68,545,2.097090909
121.76,511,2.183272727
121.84,532,2.121714286
121.92,517,2.11761039
122,516,2.240727273
122.08,546,2.257142857
122.16,550,2.273558442
122.24,554,2.146337662
122.32,523,2.220207792
122.4,541,2.105298701
122.48,513,2.101194805
122.56,512,2.207896104
122.64,538,2.170961039
122.72,529,2.408987013
122.8,587,2.298181818
122.88,560,2.080675325
122.96,507,2.097090909
123.04,511,2.101194805
123.12,512,2.129922078
123.2,519,2.298181818
123.28,560,2.183272727
123.36,532,2.175064935
123.44,530,2.175064935
123.52,530,1.982181818
123.6,483,2.170961039
123.68,529,2.191480519
123.76,534,2.076571429
123.84,506,1.957558442
123.92,477,2.092987013
124,510,2.039636364
124.08,497,2.027324675
124.16,494,1.945246753
124.24,474,2.072467532
124.32,505,2.076571429
124.4,506,1.941142857
124.48,473,2.080675325
124.56,507,2.006805195
124.64,489,1.961662338
124.72,478,1.863168831
124.8,454,2.207896104
124.88,538,1.846753247
124.96,450,1.957558442
125.04,477,1.949350649
125.12,475,1.896
125.2,462,1.912415584
125.28,466,1.949350649
125.36,475,1.945246753
125.44,474,2.010909091
125.52,490,1.965766234
125.6,479,2.039636364
125.68,497,1.937038961
125.76,472,2.015012987
125.84,491,1.916519481
125.92,467,1.949350649
126,475,1.920623377
126.08,468,2.002701299
126.16,488,2.125818182
126.24,518,1.945246753
126.32,474,2.047844156
126.4,499,2.236623377
126.48,545,2.199688312
126.56,536,2.051948052
126.64,500,2.105298701
126.72,513,2.092987013
126.8,510,2.019116883
126.88,492,2.088883117
126.96,509,2.080675325
127.04,507,2.191480519
127.12,534,2.101194805
127.2,512,2.170961039
127.28,529,2.056051948
127.36,501,2.281766234
127.44,556,2.179168831
127.52,531,2.080675325
127.6,507,2.080675325
127.68,507,2.023220779
127.76,493,2.13812987
127.84,521,2.281766234
127.92,556,2.195584416
128,535,2.06425974
128.08,503,1.96987013
128.16,480,2.125818182
128.24,518,2.179168831
128.32,531,2.207896104
128.4,538,2.084779221
128.48,508,2.129922078
128.56,519,2.04374026
128.64,498,2.175064935
128.72,530,1.994493506
128.8,486,2.113506494
128.88,515,2.150441558
128.96,524,2.265350649
129.04,552,2.253038961
129.12,549,2.150441558
129.2,524,2.429506494
129.28,592,2.072467532
129.36,505,2.203792208
129.44,537,2.170961039
129.52,529,2.269454545
129.6,553,2.125818182
129.68,518,2.244831169
129.76,547,2.298181818
129.84,560,2.154545455
129.92,525,2.121714286
130,517,2.162753247
130.08,527,2.166857143
130.16,528,2.195584416
130.24,535,2.006805195
130.32,489,2.056051948
130.4,501,2.084779221
130.48,508,2.277662338
130.56,555,2.088883117
130.64,509,2.347428571
130.72,572,2.179168831
130.8,531,2.076571429
130.88,506,1.986285714
130.96,484,2.154545455
131.04,525,2.257142857
131.12,550,2.092987013
131.2,510,2.142233766
131.28,522,2.023220779
131.36,493,2.170961039
131.44,529,2.002701299
131.52,488,2.080675325
131.6,507,2.253038961
131.68,549,2.220207792
131.76,541,2.281766234
131.84,556,2.224311688
131.92,542,2.257142857
132,550,2.150441558
132.08,524,2.228415584
132.16,543,2.121714286
132.24,517,2.281766234
132.32,556,2.212
132.4,539,2.11761039
132.48,516,2.191480519
132.56,534,2.224311688
132.64,542,2.11761039
132.72,516,2.207896104
132.8,538,2.146337662
132.88,523,2.039636364
132.96,497,2.109402597
133.04,514,2.191480519
133.12,534,2.166857143
133.2,528,2.203792208
133.28,537,2.060155844
133.36,502,2.175064935
133.44,530,2.30638961
133.52,562,1.978077922
133.6,482,2.084779221
133.68,508,2.367948052
133.76,577,2.240727273
133.84,546,2.097090909
133.92,511,2.183272727
134,532,2.220207792
134.08,541,2.142233766
134.16,522,1.998597403
134.24,487,2.039636364
134.32,497,2.224311688
134.4,542,2.154545455
134.48,525,2.170961039
134.56,529,2.113506494
134.64,515,1.904207792
134.72,464,1.96987013
134.8,480,1.961662338
134.88,478,1.986285714
134.96,484,2.207896104
135.04,538,1.949350649
135.12,475,2.015012987
135.2,491,2.076571429
135.28,506,1.883688312
135.36,459,2.031428571
135.44,495,1.900103896
135.52,463,1.916519481
135.6,467,1.805714286
135.68,440,1.900103896
135.76,463,1.941142857
135.84,473,1.920623377
135.92,468,1.957558442
136,477,2.04374026
136.08,498,1.932935065
136.16,471,2.109402597
136.24,514,1.879584416
136.32,458,2.006805195
136.4,489,1.945246753
136.48,474,1.973974026
136.56,481,1.912415584
136.64,466,2.047844156
136.72,499,1.96987013
136.8,480,1.908311688
136.88,465,2.015012987
136.96,491,1.986285714
137.04,484,2.010909091
137.12,490,1.982181818
137.2,483,1.982181818
137.28,483,2.019116883
137.36,492,1.961662338
137.44,478,2.11761039
137.52,516,2.166857143
137.6,528,2.154545455
137.68,525,2.006805195
137.76,489,2.006805195
137.84,489,2.076571429
137.92,506,2.051948052
138,500,1.875480519
138.08,457,1.937038961
138.16,472,2.142233766
138.24,522,2.047844156
138.32,499,2.187376623
138.4,533,2.047844156
138.48,499,2.142233766
138.56,522,2.072467532
138.64,505,1.99038961
138.72,485,2.068363636
138.8,504,2.051948052
138.88,500,2.023220779
138.96,493,2.113506494
139.04,515,1.949350649
139.12,475,2.11761039
139.2,516,1.945246753
139.28,474,2.015012987
139.36,491,2.162753247
139.44,527,1.978077922
139.52,482,2.060155844
139.6,502,2.224311688
139.68,542,2.060155844
139.76,502,2.076571429
139.84,506,2.13812987
139.92,521,1.978077922
140,482,2.146337662
140.08,523,2.261246753
140.16,551,2.162753247
140.24,527,2.158649351
140.32,526,2.11761039
140.4,516,2.13812987
140.48,521,2.207896104
140.56,538,2.097090909
140.64,511,2.113506494
140.72,515,2.072467532
140.8,505,2.248935065
140.88,548,2.035532468
140.96,496,2.060155844
141.04,502,2.088883117
141.12,509,2.166857143
141.2,528,2.150441558
141.28,524,2.092987013
141.36,510,2.248935065
141.44,548,2.30638961
141.52,562,2.097090909
141.6,511,2.228415584
141.68,543,2.146337662
141.76,523,2.109402597
141.84,514,2.277662338
141.92,555,2.11761039
142,516,2.203792208
142.08,537,2.310493506
142.16,563,2.162753247
142.24,527,2.339220779
142.32,570,2.228415584
142.4,543,2.015012987
142.48,491,2.13812987
142.56,521,2.376155844
142.64,579,2.257142857
142.72,550,2.166857143
142.8,528,2.253038961
142.88,549,2.187376623
142.96,533,2.248935065
143.04,548,2.257142857
143.12,550,2.273558442
143.2,554,2.142233766
143.28,522,2.392571429
143.36,583,2.335116883
143.44,569,2.257142857
143.52,550,2.080675325
143.6,507,2.253038961
143.68,549,2.195584416
143.76,535,2.199688312
143.84,536,2.015012987
143.92,491,2.142233766
144,522,2.11761039
144.08,516,2.092987013
144.16,510,2.150441558
144.24,524,2.28587013
144.32,557,2.105298701
144.4,513,2.142233766
144.48,522,2.092987013
144.56,510,2.175064935
144.64,530,2.092987013
144.72,510,2.11761039
144.8,516,2.372051948
144.88,578,2.031428571
144.96,495,2.191480519
145.04,534,2.367948052
145.12,577,2.216103896
145.2,540,2.047844156
145.28,499,2.060155844
145.36,502,2.413090909
145.44,588,2.191480519
145.52,534,2.072467532
145.6,505,1.957558442
145.68,477,2.13812987
145.76,521,2.240727273
145.84,546,2.084779221
145.92,508,2.187376623
146,533,2.088883117
146.08,509,2.023220779
146.16,493,1.875480519
146.24,457,2.318701299
146.32,565,1.900103896
146.4,463,2.002701299
146.48,488,2.146337662
146.56,523,2.13812987
146.64,521,2.092987013
146.72,510,2.228415584
146.8,543,1.982181818
146.88,483,2.212
146.96,539,2.298181818
147.04,560,2.166857143
147.12,528,1.900103896
147.2,463,2.13812987
147.28,521,2.019116883
147.36,492,2.187376623
147.44,533,2.101194805
147.52,512,2.195584416
147.6,535,1.912415584
147.68,466,1.953454545
147.76,476,1.920623377
147.84,468,1.961662338
147.92,478,1.986285714
148,484,1.916519481
148.08,467,1.99038961
148.16,485,2.027324675
148.24,494,2.088883117
148.32,509,2.006805195
148.4,489,2.162753247
148.48,527,1.859064935
148.56,453,1.96987013
148.64,480,1.719532468
148.72,419,1.879584416
148.8,458,2.113506494
148.88,515,1.920623377
148.96,468,1.891896104
149.04,461,1.986285714
149.12,484,1.961662338
149.2,478,1.834441558
149.28,447,1.896
149.36,462,1.916519481
149.44,467,1.809818182
149.52,441,1.928831169
149.6,470,1.797506494
149.68,438,1.908311688
149.76,465,1.994493506
149.84,486,1.904207792
149.92,464,1.82212987
150,444,1.994493506
150.08,486,1.834441558
150.16,447,1.973974026
150.24,481,1.900103896
150.32,463,1.953454545
150.4,476,2.019116883
150.48,492,1.949350649
150.56,475,2.035532468
150.64,496,2.236623377
150.72,545,2.109402597
150.8,514,2.080675325
150.88,507,2.175064935
150.96,530,2.035532468
151.04,496,2.015012987
151.12,491,2.088883117
151.2,509,1.99038961
151.28,485,2.146337662
151.36,523,2.010909091
151.44,490,1.973974026
151.52,481,2.175064935
151.6,530,2.134025974
151.68,520,2.04374026
151.76,498,2.129922078
151.84,519,2.072467532
151.92,505,2.220207792
152,541,2.084779221
152.08,508,2.13812987
152.16,521,2.236623377
152.24,545,2.11761039
152.32,516,1.96987013
152.4,480,2.203792208
152.48,537,2.031428571
152.56,495,2.179168831
152.64,531,2.212
152.72,539,2.261246753
152.8,551,2.232519481
152.88,544,2.035532468
152.96,496,2.244831169
153.04,547,2.191480519
153.12,534,2.384363636
153.2,581,2.129922078
153.28,519,2.158649351
153.36,526,2.134025974
153.44,520,2.154545455
153.52,525,2.035532468
153.6,496,2.154545455
153.68,525,2.162753247
153.76,527,2.019116883
153.84,492,2.129922078
153.92,519,2.187376623
154,533,2.269454545
154.08,553,2.203792208
154.16,537,2.084779221
154.24,508,2.314597403
154.32,564,2.335116883
154.4,569,2.105298701
154.48,513,2.097090909
154.56,511,2.232519481
154.64,544,2.154545455
154.72,525,2.207896104
154.8,538,1.973974026
154.88,481,2.092987013
154.96,510,2.154545455
155.04,525,2.212
155.12,539,2.220207792
155.2,541,2.158649351
155.28,526,2.031428571
155.36,495,2.142233766
155.44,522,2.220207792
155.52,541,2.121714286
155.6,517,2.212
155.68,539,2.072467532
155.76,505,2.183272727
155.84,532,2.212
155.92,539,2.101194805
156,512,2.277662338
156.08,555,2.113506494
156.16,515,2.060155844
156.24,502,2.080675325
156.32,507,2.191480519
156.4,534,2.076571429
156.48,506,2.183272727
156.56,532,2.207896104
156.64,538,2.199688312
156.72,536,2.125818182
156.8,518,2.216103896
156.88,540,2.105298701
156.96,513,2.212
157.04,539,2.240727273
157.12,546,1.953454545
157.2,476,2.203792208
157.28,537,2.105298701
157.36,513,2.396675325
157.44,584,2.183272727
157.52,532,2.060155844
157.6,502,2.060155844
157.68,502,2.023220779
157.76,493,2.035532468
157.84,496,2.408987013
157.92,587,2.310493506
158,563,2.109402597
158.08,514,2.191480519
158.16,534,2.121714286
158.24,517,2.232519481
158.32,544,2.203792208
158.4,537,2.084779221
158.48,508,2.355636364
158.56,574,2.129922078
158.64,519,2.220207792
158.72,541,2.224311688
158.8,542,2.175064935
158.88,530,2.224311688
158.96,542,2.224311688
159.04,542,2.35974026
159.12,575,2.212
159.2,539,2.207896104
159.28,538,2.236623377
159.36,545,1.99038961
159.44,485,2.060155844
159.52,502,2.051948052
159.6,500,2.146337662
159.68,523,2.072467532
159.76,505,2.035532468
159.84,496,2.232519481
159.92,544,2.060155844
160,502,2.060155844
160.08,502,2.125818182
160.16,518,2.04374026
160.24,498,1.945246753
160.32,474,2.031428571
160.4,495,2.11761039
160.48,516,2.06425974
160.56,503,1.932935065
160.64,471,2.088883117
160.72,509,2.056051948
160.8,501,1.953454545
160.88,476,2.06425974
160.96,503,1.998597403
161.04,487,1.96987013
161.12,480,1.830337662
161.2,446,1.879584416
161.28,458,2.039636364
161.36,497,1.82212987
161.44,444,1.986285714
161.52,484,1.916519481
161.6,467,2.187376623
161.68,533,1.978077922
161.76,482,2.027324675
161.84,494,1.916519481
161.92,467,1.813922078
162,442,1.978077922
162.08,482,1.887792208
162.16,460,1.982181818
162.24,483,1.994493506
162.32,486,1.887792208
162.4,460,1.863168831
162.48,454,2.019116883
162.56,492,1.834441558
162.64,447,1.805714286
162.72,440,1.863168831
162.8,454,1.883688312
162.88,459,1.863168831
162.96,454,1.871376623
163.04,456,1.973974026
163.12,481,1.834441558
163.2,447,2.170961039
163.28,529,2.035532468
163.36,496,1.764675325
163.44,430,1.941142857
163.52,473,2.170961039
163.6,529,1.830337662
163.68,446,1.928831169
163.76,470,#REF!
